{
  "summary": {
    "cadence_steps_per_min": {
      "label": "Cadence (steps/min)",
      "n": 28,
      "mae_units": 4.364275941964984,
      "rmse_units": 8.120611521884133,
      "median_signed_diff": 0.0,
      "abs_rel_err_pct_median": 2.8205128205128314,
      "abs_rel_err_pct_p90": 28.42217484008529,
      "abs_rel_err_pct_max": 124.32432432432432
    },
    "stride_period_s": {
      "label": "Stride period (s)",
      "n": 28,
      "mae_units": 0.15952380952380954,
      "rmse_units": 0.36609804394148,
      "median_signed_diff": 0.0,
      "abs_rel_err_pct_median": 2.808326787117055,
      "abs_rel_err_pct_p90": 35.75,
      "abs_rel_err_pct_max": 55.42168674698795
    },
    "apparent_step_amplitude_m": {
      "label": "Step amplitude (m)",
      "n": 28,
      "mae_units": 0.04797371880681702,
      "rmse_units": 0.10096008068842692,
      "median_signed_diff": -0.0002887880439481072,
      "abs_rel_err_pct_median": 4.543967912369014,
      "abs_rel_err_pct_p90": 34.054183359750034,
      "abs_rel_err_pct_max": 64.68763060717475
    },
    "knee_flexion_max_deg": {
      "label": "Knee flex max (\u00b0)",
      "n": 28,
      "mae_units": 0.9397822188480853,
      "rmse_units": 1.4935349848959631,
      "median_signed_diff": 0.3840645020027864,
      "abs_rel_err_pct_median": 0.2877114806714429,
      "abs_rel_err_pct_p90": 1.8367891727685108,
      "abs_rel_err_pct_max": 2.3820832554908584
    },
    "knee_flexion_range_deg": {
      "label": "Knee flex range (\u00b0)",
      "n": 28,
      "mae_units": 13.528723217194807,
      "rmse_units": 21.1311872592372,
      "median_signed_diff": 2.596700169405878,
      "abs_rel_err_pct_median": 16.70163837470527,
      "abs_rel_err_pct_p90": 152.13762622651117,
      "abs_rel_err_pct_max": 453.3824854703806
    }
  },
  "rows": [
    {
      "subject": "S01",
      "session": "1",
      "side": "left",
      "oracle_cadence_steps_per_min": 72.0,
      "student_cadence_steps_per_min": 51.42857142857142,
      "oracle_stride_period_s": 0.8333333333333334,
      "student_stride_period_s": 1.1666666666666667,
      "oracle_apparent_step_amplitude_m": 0.18553333580493914,
      "student_apparent_step_amplitude_m": 0.20609112694149923,
      "oracle_knee_flexion_max_deg": 178.95308842787765,
      "student_knee_flexion_max_deg": 179.12818242347964,
      "oracle_knee_flexion_range_deg": 15.797326348929573,
      "student_knee_flexion_range_deg": 50.37184642652548
    },
    {
      "subject": "S01",
      "session": "1",
      "side": "right",
      "oracle_cadence_steps_per_min": 64.28571428571428,
      "student_cadence_steps_per_min": 48.0,
      "oracle_stride_period_s": 0.9333333333333333,
      "student_stride_period_s": 1.25,
      "oracle_apparent_step_amplitude_m": 0.19615475620542255,
      "student_apparent_step_amplitude_m": 0.21741855783121916,
      "oracle_knee_flexion_max_deg": 178.68749779428788,
      "student_knee_flexion_max_deg": 179.07793946417758,
      "oracle_knee_flexion_range_deg": 17.55629613990058,
      "student_knee_flexion_range_deg": 42.09931979118937
    },
    {
      "subject": "S01",
      "session": "10",
      "side": "left",
      "oracle_cadence_steps_per_min": 47.36842105263158,
      "student_cadence_steps_per_min": 47.36842105263158,
      "oracle_stride_period_s": 1.2666666666666666,
      "student_stride_period_s": 1.2666666666666666,
      "oracle_apparent_step_amplitude_m": 0.3036785803380466,
      "student_apparent_step_amplitude_m": 0.30223455138149713,
      "oracle_knee_flexion_max_deg": 175.62728669168163,
      "student_knee_flexion_max_deg": 179.21180808552248,
      "oracle_knee_flexion_range_deg": 29.95987036899706,
      "student_knee_flexion_range_deg": 34.345311320904415
    },
    {
      "subject": "S01",
      "session": "10",
      "side": "right",
      "oracle_cadence_steps_per_min": 58.06451612903226,
      "student_cadence_steps_per_min": 62.06896551724138,
      "oracle_stride_period_s": 1.0333333333333332,
      "student_stride_period_s": 0.9666666666666667,
      "oracle_apparent_step_amplitude_m": 0.2867592551090099,
      "student_apparent_step_amplitude_m": 0.27710295849376265,
      "oracle_knee_flexion_max_deg": 176.00189805154127,
      "student_knee_flexion_max_deg": 179.51414160915013,
      "oracle_knee_flexion_range_deg": 43.680128559594124,
      "student_knee_flexion_range_deg": 46.91924855755744
    },
    {
      "subject": "S01",
      "session": "11",
      "side": "left",
      "oracle_cadence_steps_per_min": 42.85714285714286,
      "student_cadence_steps_per_min": 42.85714285714286,
      "oracle_stride_period_s": 1.4,
      "student_stride_period_s": 1.4,
      "oracle_apparent_step_amplitude_m": 0.37707777288224953,
      "student_apparent_step_amplitude_m": 0.3782637218634287,
      "oracle_knee_flexion_max_deg": 178.60137715885756,
      "student_knee_flexion_max_deg": 179.77607146756017,
      "oracle_knee_flexion_range_deg": 32.37474577016073,
      "student_knee_flexion_range_deg": 38.742705948587115
    },
    {
      "subject": "S01",
      "session": "11",
      "side": "right",
      "oracle_cadence_steps_per_min": 45.56962025316456,
      "student_cadence_steps_per_min": 46.15384615384616,
      "oracle_stride_period_s": 1.3166666666666667,
      "student_stride_period_s": 1.2999999999999998,
      "oracle_apparent_step_amplitude_m": 0.3399206414109185,
      "student_apparent_step_amplitude_m": 0.3322533099424271,
      "oracle_knee_flexion_max_deg": 178.6597936766763,
      "student_knee_flexion_max_deg": 179.1505880535006,
      "oracle_knee_flexion_range_deg": 26.719778437037547,
      "student_knee_flexion_range_deg": 28.67405877788599
    },
    {
      "subject": "S01",
      "session": "12",
      "side": "left",
      "oracle_cadence_steps_per_min": 48.0,
      "student_cadence_steps_per_min": 46.15384615384615,
      "oracle_stride_period_s": 1.25,
      "student_stride_period_s": 1.3,
      "oracle_apparent_step_amplitude_m": 0.2455208949949893,
      "student_apparent_step_amplitude_m": 0.25671561412322197,
      "oracle_knee_flexion_max_deg": 179.81178175636612,
      "student_knee_flexion_max_deg": 179.74247277018605,
      "oracle_knee_flexion_range_deg": 35.83376154298577,
      "student_knee_flexion_range_deg": 56.80016986063745
    },
    {
      "subject": "S01",
      "session": "12",
      "side": "right",
      "oracle_cadence_steps_per_min": 47.36842105263158,
      "student_cadence_steps_per_min": 47.36842105263158,
      "oracle_stride_period_s": 1.2666666666666666,
      "student_stride_period_s": 1.2666666666666666,
      "oracle_apparent_step_amplitude_m": 0.28129944707447796,
      "student_apparent_step_amplitude_m": 0.29091014853145325,
      "oracle_knee_flexion_max_deg": 179.5989796809686,
      "student_knee_flexion_max_deg": 179.56409525472904,
      "oracle_knee_flexion_range_deg": 36.554523845514126,
      "student_knee_flexion_range_deg": 36.90399992460408
    },
    {
      "subject": "S01",
      "session": "13",
      "side": "left",
      "oracle_cadence_steps_per_min": 59.016393442622956,
      "student_cadence_steps_per_min": 51.42857142857142,
      "oracle_stride_period_s": 1.0166666666666666,
      "student_stride_period_s": 1.1666666666666667,
      "oracle_apparent_step_amplitude_m": 0.28768932350700904,
      "student_apparent_step_amplitude_m": 0.30071692266962036,
      "oracle_knee_flexion_max_deg": 179.67049882566886,
      "student_knee_flexion_max_deg": 179.5050381453814,
      "oracle_knee_flexion_range_deg": 78.17401729811571,
      "student_knee_flexion_range_deg": 77.36158975283641
    },
    {
      "subject": "S01",
      "session": "13",
      "side": "right",
      "oracle_cadence_steps_per_min": 54.54545454545454,
      "student_cadence_steps_per_min": 48.648648648648646,
      "oracle_stride_period_s": 1.1,
      "student_stride_period_s": 1.2333333333333334,
      "oracle_apparent_step_amplitude_m": 0.2689333341187903,