{
  "n_params_M": 125.395473,
  "input_shape": [
    848,
    480,
    3
  ],
  "results": {
    "pytorch_cuda_fp32_full": {
      "mean": 13.190510899221408,
      "median": 12.842411997553427,
      "p95": 14.621270005591214,
      "min": 12.28492099471623,
      "max": 14.855022993288003
    },
    "pytorch_cuda_fp32_model_only": {
      "mean": 8.011937600167585,
      "median": 7.930746003694367,
      "p95": 9.334597001725342,
      "min": 7.564922001620289,
      "max": 9.398557995154988
    },
    "pytorch_cuda_fp16_model_only": {
      "mean": 9.432050350005738,
      "median": 9.382944001117721,
      "p95": 9.659212999395095,
      "min": 9.333706002507824,
      "max": 9.9471680005081
    }
  }
}